{
  "spec/eighteenth_spec.rb": 0.0002357959747314453,
  "spec/eighth_spec.rb": 1.5020370483398438e-05,
  "spec/eleventh_spec.rb": 3.910064697265625e-05,
  "spec/fifteenth_spec.rb": 2.6226043701171875e-05,
  "spec/fifth_spec.rb": 3.1948089599609375e-05,
  "spec/first_spec.rb": 1.5735626220703125e-05,
  "spec/fourteenth_spec.rb": 1.1920928955078125e-05,
  "spec/fourth_spec.rb": 1.1205673217773438e-05,
  "spec/nineteenth_spec.rb": 1.2159347534179688e-05,
  "spec/nineth_spec.rb": 1.1920928955078125e-05,
  "spec/second_spec.rb": 1.0967254638671875e-05,
  "spec/seventeenth_spec.rb": 1.1920928955078125e-05,
  "spec/seventh_spec.rb": 1.2159347534179688e-05,
  "spec/sixteenth_spec.rb": 1.0967254638671875e-05,
  "spec/sixth_spec.rb": 1.2159347534179688e-05,
  "spec/tenth_spec.rb": 1.0013580322265625e-05,
  "spec/third_spec.rb": 1.0967254638671875e-05,
  "spec/thirteenth_spec.rb": 1.0967254638671875e-05,
  "spec/twelth_spec.rb": 1.0967254638671875e-05,
  "spec/twentieth_spec.rb": 1.0013580322265625e-05
}